<?xml version = "1.0" encoding = "UTF-8"?>
<configuration>

	<appender name="STDOUT" class="ch.qos.logback.core.ConsoleAppender">
		<encoder>
			<pattern>[%d{yyyy-MM-dd'T'HH:mm:ss.sss}] [%-5p] %logger{0} %m%n</pattern>
		</encoder>
	</appender>

	<timestamp key="byDate" datePattern="yyyy-MM-dd" />

	<appender name="FILE" class="ch.qos.logback.core.rolling.RollingFileAppender">
		<file>${user.dir}/logs/adminPortalServices.log</file>
		<encoder class="ch.qos.logback.classic.encoder.PatternLayoutEncoder">
			<Pattern>%d{dd-MM-yyyy HH:mm:ss.SSS} [%thread] %-5level %logger{36}.%M - %msg%n</Pattern>
		</encoder>
		<rollingPolicy class="ch.qos.logback.core.rolling.TimeBasedRollingPolicy">
			<fileNamePattern>${user.dir}/logs/adminPortalServices_%d{yyyy-MM-dd}.log</fileNamePattern>
			<maxHistory>30</maxHistory>
			<totalSizeCap>300MB</totalSizeCap>
		</rollingPolicy>
	</appender>

	<appender name="kibana" class="ch.qos.logback.core.rolling.RollingFileAppender">
		<file>${user.dir}/logs/kibana_log.log</file>
		<encoder class="ch.qos.logback.classic.encoder.PatternLayoutEncoder">
			<pattern>%d{dd-MM-yyyy HH:mm:ss.SSS} [%thread] [%-5p] [%class{5}]-%msg%n
			</pattern>
		</encoder>
		<rollingPolicy class="ch.qos.logback.core.rolling.FixedWindowRollingPolicy">
			<fileNamePattern>${user.dir}/logs/kibana_log_%i.log</fileNamePattern>
			<minIndex>2</minIndex>
			<maxIndex>100</maxIndex>
		</rollingPolicy>
		<triggeringPolicy class="ch.qos.logback.core.rolling.SizeBasedTriggeringPolicy">
			<maxFileSize>10MB</maxFileSize>
		</triggeringPolicy>
	</appender>

	<logger name="kibanaLogger" level="info" additivity="false">
		<appender-ref ref="kibana" />
	</logger>

	<logger name="logger" level="info" additivity="false">
		<appender-ref ref="FILE" />
	</logger>

	<root level="INFO">
		<appender-ref ref="FILE" />
		<!--<appender-ref ref="STDOUT" /> -->
	</root>

</configuration>