<?xml version="1.0" encoding="UTF-8"?>
<Configuration status="WARN" monitorInterval="30">
	<Properties>
		<Property name="LOG_PATTERN" value="%d [%thread] [%-5level] [Content-Id:%X{CID}] [SessionId:%X{sessionId}] [CustomerId:%X{customerId}] [%c{1.}] - %msg%n" />
		<Property name="LOG_PATTERN_KIBANA" value="%d [%thread] [%-5level] [%c{1.}] - %msg%n" />
		<Property name="LOG_DIR" value="logs"></Property>
		<Property name="SYSTEM_FILE" value="reverse_integration_payments_application.log" />
		<Property name="KIBANA_FILE" value="reverse_integration_payments_kibana.log" />
	</Properties>
	<Appenders>

		<Console name="ConsoleAppender" target="SYSTEM_OUT" follow="true">
			<PatternLayout pattern="${LOG_PATTERN}" />
		</Console>
		<Async name="Async">
			<AppenderRef ref="FileAppender" />
		</Async>
		<Async name="AsyncKibana">
			<AppenderRef ref="FileAppenderKibana" />
		</Async>

		<RollingFile name="FileAppender"
			fileName="${LOG_DIR}/${SYSTEM_FILE}"
			filePattern="${LOG_DIR}/${SYSTEM_FILE}-%d{yyyy-MM-dd}-%i.log">
			<PatternLayout>
				<Pattern>${LOG_PATTERN}</Pattern>
			</PatternLayout>
			<Policies>
				<SizeBasedTriggeringPolicy size="10MB" />
			</Policies>
			<DefaultRolloverStrategy max="100" />
		</RollingFile>

		<RollingFile name="FileAppenderKibana"
					 fileName="${LOG_DIR}/${KIBANA_FILE}"
					 filePattern="${LOG_DIR}/${KIBANA_FILE}-%d{yyyy-MM-dd}-%i.log">
			<PatternLayout>
				<Pattern>${LOG_PATTERN_KIBANA}</Pattern>
			</PatternLayout>
			<Policies>
				<SizeBasedTriggeringPolicy size="10MB" />
			</Policies>
			<DefaultRolloverStrategy max="100" />
		</RollingFile>
	</Appenders>

	<Loggers>

		<Logger name="com.airtelbank" level="debug" additivity="false">
			<AppenderRef ref="ConsoleAppender" />
			<AppenderRef ref="Async" />
		</Logger>
		<Logger name="com.airtelbank.thirdpartypayments.filter" level="info" additivity="false">
			<AppenderRef ref="AsyncKibana" />
		</Logger>

		<Root level="info">
			<AppenderRef ref="ConsoleAppender" />
			<AppenderRef ref="Async" />
			
		</Root>
	</Loggers>
</Configuration>